{
  "Spike HTTP Request" : {
    "transaction" : "Spike HTTP Request",
    "sampleCount" : 500,
    "errorCount" : 0,
    "errorPct" : 0.0,
    "meanResTime" : 15.457999999999995,
    "medianResTime" : 3.0,
    "minResTime" : 2.0,
    "maxResTime" : 153.0,
    "pct1ResTime" : 6.0,
    "pct2ResTime" : 149.0,
    "pct3ResTime" : 152.0,
    "throughput" : 107.18113612004288,
    "receivedKBytesPerSec" : 248.0657154340836,
    "sentKBytesPerSec" : 49.29913585209003
  },
  "Stress HTTP Request" : {
    "transaction" : "Stress HTTP Request",
    "sampleCount" : 1084593,
    "errorCount" : 0,
    "errorPct" : 0.0,
    "meanResTime" : 262.795143431692,
    "medianResTime" : 125.0,
    "minResTime" : 0.0,
    "maxResTime" : 44098.0,
    "pct1ResTime" : 134.0,
    "pct2ResTime" : 139.0,
    "pct3ResTime" : 14953.88000000002,
    "throughput" : 1806.8930934122777,
    "receivedKBytesPerSec" : 4181.969366588963,
    "sentKBytesPerSec" : 831.1002412081863
  },
  "Total" : {
    "transaction" : "Total",
    "sampleCount" : 1690011,
    "errorCount" : 0,
    "errorPct" : 0.0,
    "meanResTime" : 183.4566159628641,
    "medianResTime" : 125.0,
    "minResTime" : 0.0,
    "maxResTime" : 44098.0,
    "pct1ResTime" : 134.0,
    "pct2ResTime" : 139.0,
    "pct3ResTime" : 14953.88000000002,
    "throughput" : 1867.4876928942003,
    "receivedKBytesPerSec" : 4322.212726718022,
    "sentKBytesPerSec" : 858.9713899933284
  },
  "Load HTTP Request" : {
    "transaction" : "Load HTTP Request",
    "sampleCount" : 604918,
    "errorCount" : 0,
    "errorPct" : 0.0,
    "meanResTime" : 41.34477234930979,
    "medianResTime" : 50.0,
    "minResTime" : 0.0,
    "maxResTime" : 132.0,
    "pct1ResTime" : 53.0,
    "pct2ResTime" : 54.0,
    "pct3ResTime" : 56.0,
    "throughput" : 2016.1110777824435,
    "receivedKBytesPerSec" : 4666.194584320696,
    "sentKBytesPerSec" : 927.3323414409483
  }
}