{
  "Spike HTTP Request" : {
    "transaction" : "Spike HTTP Request",
    "sampleCount" : 2500,
    "errorCount" : 0,
    "errorPct" : 0.0,
    "meanResTime" : 383.93200000000013,
    "medianResTime" : 315.0,
    "minResTime" : 3.0,
    "maxResTime" : 4583.0,
    "pct1ResTime" : 342.0,
    "pct2ResTime" : 1320.8999999999996,
    "pct3ResTime" : 2321.0,
    "throughput" : 398.46987567739876,
    "receivedKBytesPerSec" : 219.0806054749761,
    "sentKBytesPerSec" : 105.06529925087663
  },
  "Stress HTTP Request" : {
    "transaction" : "Stress HTTP Request",
    "sampleCount" : 243822,
    "errorCount" : 334,
    "errorPct" : 0.13698518,
    "meanResTime" : 1175.8673950668938,
    "medianResTime" : 330.0,
    "minResTime" : 3.0,
    "maxResTime" : 176329.0,
    "pct1ResTime" : 2590.0,
    "pct2ResTime" : 4292.0,
    "pct3ResTime" : 15328.180000001092,
    "throughput" : 366.9199861552121,
    "receivedKBytesPerSec" : 202.4848313983236,
    "sentKBytesPerSec" : 97.32961129253134
  },
  "Total" : {
    "transaction" : "Total",
    "sampleCount" : 370619,
    "errorCount" : 334,
    "errorPct" : 0.0901195,
    "meanResTime" : 843.7577701089184,
    "medianResTime" : 330.0,
    "minResTime" : 3.0,
    "maxResTime" : 176329.0,
    "pct1ResTime" : 2590.0,
    "pct2ResTime" : 4292.0,
    "pct3ResTime" : 15328.180000001092,
    "throughput" : 381.6836266530451,
    "receivedKBytesPerSec" : 210.36505278873,
    "sentKBytesPerSec" : 101.03830207317425
  },
  "Load HTTP Request" : {
    "transaction" : "Load HTTP Request",
    "sampleCount" : 124297,
    "errorCount" : 0,
    "errorPct" : 0.0,
    "meanResTime" : 201.53737419245536,
    "medianResTime" : 241.0,
    "minResTime" : 3.0,
    "maxResTime" : 333.0,
    "pct1ResTime" : 267.0,
    "pct2ResTime" : 276.0,
    "pct3ResTime" : 291.0,
    "throughput" : 414.0169607823544,
    "receivedKBytesPerSec" : 227.62846574264213,
    "sentKBytesPerSec" : 109.16462833128486
  }
}