{
  "Spike HTTP Request" : {
    "transaction" : "Spike HTTP Request",
    "sampleCount" : 2500,
    "errorCount" : 0,
    "errorPct" : 0.0,
    "meanResTime" : 20.33479999999994,
    "medianResTime" : 3.0,
    "minResTime" : 1.0,
    "maxResTime" : 315.0,
    "pct1ResTime" : 67.0,
    "pct2ResTime" : 91.0,
    "pct3ResTime" : 308.0,
    "throughput" : 537.6344086021505,
    "receivedKBytesPerSec" : 552.3353494623656,
    "sentKBytesPerSec" : 251.49109543010752
  },
  "Stress HTTP Request" : {
    "transaction" : "Stress HTTP Request",
    "sampleCount" : 611174,
    "errorCount" : 0,
    "errorPct" : 0.0,
    "meanResTime" : 466.46574297989554,
    "medianResTime" : 242.0,
    "minResTime" : 1.0,
    "maxResTime" : 47116.0,
    "pct1ResTime" : 264.0,
    "pct2ResTime" : 273.0,
    "pct3ResTime" : 18205.600000000064,
    "throughput" : 1017.9701358295094,
    "receivedKBytesPerSec" : 1045.8052567310976,
    "sentKBytesPerSec" : 476.1793897093115
  },
  "Total" : {
    "transaction" : "Total",
    "sampleCount" : 932073,
    "errorCount" : 0,
    "errorPct" : 0.0,
    "meanResTime" : 332.7754907609205,
    "medianResTime" : 242.0,
    "minResTime" : 1.0,
    "maxResTime" : 47116.0,
    "pct1ResTime" : 264.0,
    "pct2ResTime" : 273.0,
    "pct3ResTime" : 18205.600000000064,
    "throughput" : 1029.827296462069,
    "receivedKBytesPerSec" : 1057.9866365997036,
    "sentKBytesPerSec" : 481.7258544973936
  },
  "Load HTTP Request" : {
    "transaction" : "Load HTTP Request",
    "sampleCount" : 318399,
    "errorCount" : 0,
    "errorPct" : 0.0,
    "meanResTime" : 78.60727891733306,
    "medianResTime" : 94.0,
    "minResTime" : 1.0,
    "maxResTime" : 147.0,
    "pct1ResTime" : 99.0,
    "pct2ResTime" : 101.0,
    "pct3ResTime" : 106.0,
    "throughput" : 1061.19558189296,
    "receivedKBytesPerSec" : 1090.2126485853457,
    "sentKBytesPerSec" : 496.3991052018827
  }
}