{
  "Submits Expense With Date" : {
    "transaction" : "Submits Expense With Date",
    "sampleCount" : 225,
    "errorCount" : 0,
    "errorPct" : 0.0,
    "meanResTime" : 40.19555555555554,
    "medianResTime" : 22.0,
    "minResTime" : 11.0,
    "maxResTime" : 722.0,
    "pct1ResTime" : 48.00000000000003,
    "pct2ResTime" : 179.49999999999994,
    "pct3ResTime" : 480.3200000000006,
    "throughput" : 0.9927288129610674,
    "receivedKBytesPerSec" : 0.32747555543177087,
    "sentKBytesPerSec" : 0.686378905836363
  },
  "Employee submits invalid description" : {
    "transaction" : "Employee submits invalid description",
    "sampleCount" : 22,
    "errorCount" : 0,
    "errorPct" : 0.0,
    "meanResTime" : 16.818181818181817,
    "medianResTime" : 8.0,
    "minResTime" : 4.0,
    "maxResTime" : 105.0,
    "pct1ResTime" : 73.59999999999994,
    "pct2ResTime" : 103.79999999999998,
    "pct3ResTime" : 105.0,
    "throughput" : 0.20780790992471684,
    "receivedKBytesPerSec" : 0.04261685652752982,
    "sentKBytesPerSec" : 0.13332987970755758
  },
  "Total" : {
    "transaction" : "Total",
    "sampleCount" : 535,
    "errorCount" : 0,
    "errorPct" : 0.0,
    "meanResTime" : 38.039252336448634,
    "medianResTime" : 21.0,
    "minResTime" : 4.0,
    "maxResTime" : 1410.0,
    "pct1ResTime" : 40.400000000000034,
    "pct2ResTime" : 106.39999999999992,
    "pct3ResTime" : 481.4399999999994,
    "throughput" : 2.2957136665765545,
    "receivedKBytesPerSec" : 0.7817260387567959,
    "sentKBytesPerSec" : 1.5049990438996237
  },
  "Employee Logs In" : {
    "transaction" : "Employee Logs In",
    "sampleCount" : 50,
    "errorCount" : 0,
    "errorPct" : 0.0,
    "meanResTime" : 15.720000000000004,
    "medianResTime" : 8.0,
    "minResTime" : 4.0,
    "maxResTime" : 191.0,
    "pct1ResTime" : 31.399999999999977,
    "pct2ResTime" : 74.49999999999987,
    "pct3ResTime" : 191.0,
    "throughput" : 0.8543649505322694,
    "receivedKBytesPerSec" : 0.4688995138663431,
    "sentKBytesPerSec" : 0.37795636971788865
  },
  "Employee submits negative expense" : {
    "transaction" : "Employee submits negative expense",
    "sampleCount" : 21,
    "errorCount" : 0,
    "errorPct" : 0.0,
    "meanResTime" : 9.238095238095237,
    "medianResTime" : 8.0,
    "minResTime" : 4.0,
    "maxResTime" : 33.0,
    "pct1ResTime" : 12.600000000000001,
    "pct2ResTime" : 30.99999999999997,
    "pct3ResTime" : 33.0,
    "throughput" : 0.1473549781423449,
    "receivedKBytesPerSec" : 0.031082690701900877,
    "sentKBytesPerSec" : 0.09511878960165038
  },
  "Submits Expense Without Date" : {
    "transaction" : "Submits Expense Without Date",
    "sampleCount" : 217,
    "errorCount" : 0,
    "errorPct" : 0.0,
    "meanResTime" : 45.884792626728135,
    "medianResTime" : 22.0,
    "minResTime" : 11.0,
    "maxResTime" : 1410.0,
    "pct1ResTime" : 41.20000000000002,
    "pct2ResTime" : 81.49999999999963,
    "pct3ResTime" : 1166.8199999999958,
    "throughput" : 1.1130431214448018,
    "receivedKBytesPerSec" : 0.3671056727371115,
    "sentKBytesPerSec" : 0.7456519348741543
  }
}